{"cameraMode":{"drawMode":0,"name":"Shaded","section":"Shading Mode"},"sceneLighting":true,"audioPlay":false,"sceneViewState":{"m_AlwaysRefresh":false,"showFog":true,"showSkybox":true,"showFlares":true,"showImageEffects":true,"showParticleSystems":true,"showVisualEffectGraphs":true,"m_FxEnabled":true},"in2DMode":false,"pivot":{"x":95.38317108154297,"y":-8.245391845703125,"z":1.8207894563674927},"rotation":{"x":0.11944736540317536,"y":-0.7223632335662842,"z":0.12899062037467957,"w":0.6688780188560486},"size":13.755297660827637,"orthographic":false}