{"cameraMode":{"drawMode":0,"name":"Shaded","section":"Shading Mode"},"sceneLighting":true,"audioPlay":false,"sceneViewState":{"m_AlwaysRefresh":false,"showFog":true,"showSkybox":true,"showFlares":true,"showImageEffects":true,"showParticleSystems":true,"showVisualEffectGraphs":true,"m_FxEnabled":true},"in2DMode":false,"pivot":{"x":116.05439758300781,"y":0.23181354999542237,"z":-18.90255355834961},"rotation":{"x":0.02047288976609707,"y":0.9670608043670654,"z":-0.08261696994304657,"w":0.24042241275310517},"size":1.366042971611023,"orthographic":false}