{"cameraMode":{"drawMode":0,"name":"Shaded","section":"Shading Mode"},"sceneLighting":true,"audioPlay":false,"sceneViewState":{"m_AlwaysRefresh":false,"showFog":true,"showSkybox":true,"showFlares":true,"showImageEffects":true,"showParticleSystems":true,"showVisualEffectGraphs":true,"m_FxEnabled":true},"in2DMode":false,"pivot":{"x":-1.120793104171753,"y":12.638850212097168,"z":-31.574880599975587},"rotation":{"x":-0.0053363582119345669,"y":-0.9939491748809815,"z":0.09542018920183182,"w":-0.055242910981178287},"size":1.3460803031921387,"orthographic":false}