{"cameraMode":{"drawMode":0,"name":"Shaded","section":"Shading Mode"},"sceneLighting":false,"audioPlay":false,"sceneViewState":{"m_AlwaysRefresh":false,"showFog":true,"showSkybox":true,"showFlares":true,"showImageEffects":true,"showParticleSystems":true,"showVisualEffectGraphs":true,"m_FxEnabled":true},"in2DMode":false,"pivot":{"x":115.60063934326172,"y":-6.896916389465332,"z":51.04257583618164},"rotation":{"x":0.08445625752210617,"y":-0.02935086376965046,"z":0.0025201323442161085,"w":0.9959886074066162},"size":33.14881896972656,"orthographic":false}