{"cameraMode":{"drawMode":0,"name":"Shaded","section":"Shading Mode"},"sceneLighting":false,"audioPlay":false,"sceneViewState":{"m_AlwaysRefresh":false,"showFog":true,"showSkybox":true,"showFlares":true,"showImageEffects":true,"showParticleSystems":true,"showVisualEffectGraphs":true,"m_FxEnabled":true},"in2DMode":false,"pivot":{"x":119.13887023925781,"y":1.9967111349105836,"z":-20.762117385864259},"rotation":{"x":-0.2308725118637085,"y":0.034838639199733737,"z":-0.008611022494733334,"w":-0.972507655620575},"size":0.8130208253860474,"orthographic":false}