{"cameraMode":{"drawMode":0,"name":"Shaded","section":"Shading Mode"},"sceneLighting":false,"audioPlay":false,"sceneViewState":{"m_AlwaysRefresh":false,"showFog":true,"showSkybox":true,"showFlares":true,"showImageEffects":true,"showParticleSystems":true,"showVisualEffectGraphs":true,"m_FxEnabled":true},"in2DMode":false,"pivot":{"x":68.5718002319336,"y":35.62009811401367,"z":-64.65830993652344},"rotation":{"x":-0.28348812460899355,"y":-0.0063749211840331558,"z":0.0022206550929695369,"w":-0.9591045379638672},"size":24.01659393310547,"orthographic":false}