{"cameraMode":{"drawMode":0,"name":"Shaded","section":"Shading Mode"},"sceneLighting":false,"audioPlay":false,"sceneViewState":{"m_AlwaysRefresh":false,"showFog":true,"showSkybox":true,"showFlares":true,"showImageEffects":true,"showParticleSystems":true,"showVisualEffectGraphs":true,"m_FxEnabled":true},"in2DMode":false,"pivot":{"x":118.35540771484375,"y":2.1956140995025636,"z":0.5572531223297119},"rotation":{"x":0.22317329049110413,"y":-0.1285666674375534,"z":0.029740557074546815,"w":0.9658003449440002},"size":0.8660270571708679,"orthographic":false}