{"cameraMode":{"drawMode":0,"name":"Shaded","section":"Shading Mode"},"sceneLighting":false,"audioPlay":false,"sceneViewState":{"m_AlwaysRefresh":false,"showFog":true,"showSkybox":true,"showFlares":true,"showImageEffects":true,"showParticleSystems":true,"showVisualEffectGraphs":true,"m_FxEnabled":true},"in2DMode":false,"pivot":{"x":118.05835723876953,"y":0.9967699646949768,"z":-17.491037368774415},"rotation":{"x":-0.139098659157753,"y":-0.3444213569164276,"z":0.051350731402635577,"w":-0.9272257685661316},"size":1.4660253524780274,"orthographic":false}