{"cameraMode":{"drawMode":0,"name":"Shaded","section":"Shading Mode"},"sceneLighting":false,"audioPlay":false,"sceneViewState":{"m_AlwaysRefresh":false,"showFog":true,"showSkybox":true,"showFlares":true,"showImageEffects":true,"showParticleSystems":true,"showVisualEffectGraphs":true,"m_FxEnabled":true},"in2DMode":false,"pivot":{"x":116.86337280273438,"y":1.124953031539917,"z":-9.646369934082032},"rotation":{"x":-0.009566528722643853,"y":0.12552018463611604,"z":0.0009267558343708515,"w":0.9922136068344116},"size":0.22496435046195985,"orthographic":false}