{"cameraMode":{"drawMode":0,"name":"Shaded","section":"Shading Mode"},"sceneLighting":false,"audioPlay":false,"sceneViewState":{"m_AlwaysRefresh":false,"showFog":true,"showSkybox":true,"showFlares":true,"showImageEffects":true,"showParticleSystems":true,"showVisualEffectGraphs":true,"m_FxEnabled":true},"in2DMode":false,"pivot":{"x":-1.9157462120056153,"y":-0.6794959306716919,"z":-82.78916931152344},"rotation":{"x":0.025512797757983209,"y":-0.1549621820449829,"z":0.0038340662140399219,"w":0.9876672625541687},"size":1.1861122846603394,"orthographic":false}