{"cameraMode":{"drawMode":2,"name":"Shaded Wireframe","section":"Shading Mode"},"sceneLighting":false,"audioPlay":false,"sceneViewState":{"m_AlwaysRefresh":false,"showFog":true,"showSkybox":true,"showFlares":true,"showImageEffects":true,"showParticleSystems":true,"showVisualEffectGraphs":true,"m_FxEnabled":true},"in2DMode":false,"pivot":{"x":117.19334411621094,"y":0.5672782063484192,"z":-11.794605255126954},"rotation":{"x":-0.22663898766040803,"y":0.01161996740847826,"z":-0.004342858679592609,"w":-0.9741937518119812},"size":3.1330130100250246,"orthographic":false}