{"cameraMode":{"drawMode":0,"name":"Shaded","section":"Shading Mode"},"sceneLighting":false,"audioPlay":false,"sceneViewState":{"m_AlwaysRefresh":false,"showFog":true,"showSkybox":true,"showFlares":true,"showImageEffects":true,"showParticleSystems":true,"showVisualEffectGraphs":true,"m_FxEnabled":true},"in2DMode":false,"pivot":{"x":-14.068085670471192,"y":7.087289333343506,"z":-27.683345794677736},"rotation":{"x":0.1598418653011322,"y":0.21826285123825074,"z":-0.036464039236307147,"w":0.9619113206863403},"size":2.441770315170288,"orthographic":false}