{"cameraMode":{"drawMode":0,"name":"Shaded","section":"Shading Mode"},"sceneLighting":false,"audioPlay":false,"sceneViewState":{"m_AlwaysRefresh":false,"showFog":true,"showSkybox":true,"showFlares":true,"showImageEffects":true,"showParticleSystems":true,"showVisualEffectGraphs":true,"m_FxEnabled":true},"in2DMode":false,"pivot":{"x":117.68574523925781,"y":-0.1532490849494934,"z":-16.178955078125},"rotation":{"x":-0.0001459267077734694,"y":0.9996527433395386,"z":-0.020101992413401605,"w":-0.02590894140303135},"size":12.12435531616211,"orthographic":false}