{"cameraMode":{"drawMode":2,"name":"Shaded Wireframe","section":"Shading Mode"},"sceneLighting":false,"audioPlay":false,"sceneViewState":{"m_AlwaysRefresh":false,"showFog":true,"showSkybox":true,"showFlares":true,"showImageEffects":true,"showParticleSystems":true,"showVisualEffectGraphs":true,"m_FxEnabled":true},"in2DMode":false,"pivot":{"x":661.6702270507813,"y":1738.5823974609375,"z":-1435.3153076171875},"rotation":{"x":0.14442726969718934,"y":0.001998038962483406,"z":0.0006405548774637282,"w":0.9897623062133789},"size":397.9964599609375,"orthographic":false}