{"cameraMode":{"drawMode":0,"name":"Shaded","section":"Shading Mode"},"sceneLighting":false,"audioPlay":false,"sceneViewState":{"m_AlwaysRefresh":false,"showFog":true,"showSkybox":true,"showFlares":true,"showImageEffects":true,"showParticleSystems":true,"showVisualEffectGraphs":true,"m_FxEnabled":true},"in2DMode":false,"pivot":{"x":131.92486572265626,"y":4.267686367034912,"z":-29.27140235900879},"rotation":{"x":0.05748399347066879,"y":-0.46129482984542849,"z":0.03047982230782509,"w":0.8850840926170349},"size":1.2404993772506714,"orthographic":false}