{"cameraMode":{"drawMode":2,"name":"Shaded Wireframe","section":"Shading Mode"},"sceneLighting":false,"audioPlay":false,"sceneViewState":{"m_AlwaysRefresh":false,"showFog":true,"showSkybox":true,"showFlares":true,"showImageEffects":true,"showParticleSystems":true,"showVisualEffectGraphs":true,"m_FxEnabled":true},"in2DMode":false,"pivot":{"x":117.76322937011719,"y":0.661986768245697,"z":-12.468323707580567},"rotation":{"x":-0.0036083359736949207,"y":-0.005625918507575989,"z":0.0008524173172190785,"w":1.0002042055130005},"size":0.6859064102172852,"orthographic":false}