{"cameraMode":{"drawMode":0,"name":"Shaded","section":"Shading Mode"},"sceneLighting":false,"audioPlay":false,"sceneViewState":{"m_AlwaysRefresh":false,"showFog":true,"showSkybox":true,"showFlares":true,"showImageEffects":true,"showParticleSystems":true,"showVisualEffectGraphs":true,"m_FxEnabled":true},"in2DMode":false,"pivot":{"x":131.99456787109376,"y":20.319847106933595,"z":-42.813594818115237},"rotation":{"x":-0.26292896270751955,"y":0.016514252871274949,"z":-0.004528165794909,"w":-0.9646709561347961},"size":34.25830841064453,"orthographic":false}