{"cameraMode":{"drawMode":0,"name":"Shaded","section":"Shading Mode"},"sceneLighting":false,"audioPlay":false,"sceneViewState":{"m_AlwaysRefresh":false,"showFog":true,"showSkybox":true,"showFlares":true,"showImageEffects":true,"showParticleSystems":true,"showVisualEffectGraphs":true,"m_FxEnabled":true},"in2DMode":false,"pivot":{"x":1543.5938720703125,"y":366.045166015625,"z":-216.343505859375},"rotation":{"x":-0.17836837470531465,"y":-0.038302164524793628,"z":0.006189990323036909,"w":-0.9834190607070923},"size":1993.8028564453125,"orthographic":false}