{"cameraMode":{"drawMode":0,"name":"Shaded","section":"Shading Mode"},"sceneLighting":false,"audioPlay":false,"sceneViewState":{"m_AlwaysRefresh":false,"showFog":true,"showSkybox":true,"showFlares":true,"showImageEffects":true,"showParticleSystems":true,"showVisualEffectGraphs":true,"m_FxEnabled":true},"in2DMode":false,"pivot":{"x":110.95096588134766,"y":15.594496726989746,"z":-33.553627014160159},"rotation":{"x":-0.2786499857902527,"y":0.10564810037612915,"z":-0.03069174475967884,"w":-0.9542252421379089},"size":0.3339746594429016,"orthographic":false}