{"cameraMode":{"drawMode":0,"name":"Shaded","section":"Shading Mode"},"sceneLighting":false,"audioPlay":false,"sceneViewState":{"m_AlwaysRefresh":false,"showFog":true,"showSkybox":true,"showFlares":true,"showImageEffects":true,"showParticleSystems":true,"showVisualEffectGraphs":true,"m_FxEnabled":true},"in2DMode":false,"pivot":{"x":108.2684555053711,"y":-1.2414394617080689,"z":-17.738645553588868},"rotation":{"x":0.01302295085042715,"y":-0.3982805907726288,"z":-0.006177903618663549,"w":-0.9173638224601746},"size":0.8660253882408142,"orthographic":false}