{"cameraMode":{"drawMode":0,"name":"Shaded","section":"Shading Mode"},"sceneLighting":false,"audioPlay":false,"sceneViewState":{"m_AlwaysRefresh":false,"showFog":true,"showSkybox":true,"showFlares":true,"showImageEffects":true,"showParticleSystems":true,"showVisualEffectGraphs":true,"m_FxEnabled":true},"in2DMode":false,"pivot":{"x":10.317172050476075,"y":99.1241226196289,"z":68.47053527832031},"rotation":{"x":0.005048925057053566,"y":0.8941454887390137,"z":-0.44791164994239809,"w":0.010706041008234024},"size":24.01659393310547,"orthographic":false}