{"cameraMode":{"drawMode":0,"name":"Shaded","section":"Shading Mode"},"sceneLighting":false,"audioPlay":false,"sceneViewState":{"m_AlwaysRefresh":false,"showFog":true,"showSkybox":true,"showFlares":true,"showImageEffects":true,"showParticleSystems":true,"showVisualEffectGraphs":true,"m_FxEnabled":true},"in2DMode":false,"pivot":{"x":8.159171104431153,"y":11.444507598876954,"z":-1.2056405544281006},"rotation":{"x":0.09012410789728165,"y":0.5643621683120728,"z":-0.06233689934015274,"w":0.8181482553482056},"size":14.276046752929688,"orthographic":false}