{"cameraMode":{"drawMode":0,"name":"Shaded","section":"Shading Mode"},"sceneLighting":false,"audioPlay":false,"sceneViewState":{"m_AlwaysRefresh":false,"showFog":true,"showSkybox":true,"showFlares":true,"showImageEffects":true,"showParticleSystems":true,"showVisualEffectGraphs":true,"m_FxEnabled":true},"in2DMode":false,"pivot":{"x":105.83914184570313,"y":0.1510000228881836,"z":-11.954000473022461},"rotation":{"x":0.10061457753181458,"y":0.08454111218452454,"z":-0.008163085207343102,"w":0.9914942383766174},"size":1.714644193649292,"orthographic":false}