{"cameraMode":{"drawMode":0,"name":"Shaded","section":"Shading Mode"},"sceneLighting":false,"audioPlay":false,"sceneViewState":{"m_AlwaysRefresh":false,"showFog":true,"showSkybox":true,"showFlares":true,"showImageEffects":true,"showParticleSystems":true,"showVisualEffectGraphs":true,"m_FxEnabled":true},"in2DMode":false,"pivot":{"x":1286.998779296875,"y":736.5283203125,"z":-92.42921447753906},"rotation":{"x":-0.08002648502588272,"y":-0.00045186723582446575,"z":-0.0005101324059069157,"w":-0.9969885945320129},"size":1607.9105224609375,"orthographic":true}