{"cameraMode":{"drawMode":0,"name":"Shaded","section":"Shading Mode"},"sceneLighting":false,"audioPlay":false,"sceneViewState":{"m_AlwaysRefresh":false,"showFog":true,"showSkybox":true,"showFlares":true,"showImageEffects":true,"showParticleSystems":true,"showVisualEffectGraphs":true,"m_FxEnabled":true},"in2DMode":false,"pivot":{"x":-4.2392754554748539,"y":-13.287735939025879,"z":-12.026558876037598},"rotation":{"x":-0.2194616049528122,"y":0.19437970221042634,"z":-0.04483938589692116,"w":-0.9550876617431641},"size":0.8660253882408142,"orthographic":false}