{"cameraMode":{"drawMode":0,"name":"Shaded","section":"Shading Mode"},"sceneLighting":false,"audioPlay":false,"sceneViewState":{"m_AlwaysRefresh":false,"showFog":true,"showSkybox":true,"showFlares":true,"showImageEffects":true,"showParticleSystems":true,"showVisualEffectGraphs":true,"m_FxEnabled":true},"in2DMode":false,"pivot":{"x":112.15135192871094,"y":2.7253103256225588,"z":-13.499051094055176},"rotation":{"x":0.12137500941753388,"y":-0.27079111337661745,"z":0.034868497401475909,"w":0.9545273780822754},"size":1.714644193649292,"orthographic":false}