{"cameraMode":{"drawMode":0,"name":"Shaded","section":"Shading Mode"},"sceneLighting":false,"audioPlay":false,"sceneViewState":{"m_AlwaysRefresh":false,"showFog":true,"showSkybox":true,"showFlares":true,"showImageEffects":true,"showParticleSystems":true,"showVisualEffectGraphs":true,"m_FxEnabled":true},"in2DMode":false,"pivot":{"x":117.07901000976563,"y":2.498534679412842,"z":-20.354171752929689},"rotation":{"x":-0.20324882864952088,"y":-0.04735609516501427,"z":0.010077780112624169,"w":-0.9781025052070618},"size":0.22879505157470704,"orthographic":false}