{"cameraMode":{"drawMode":0,"name":"Shaded","section":"Shading Mode"},"sceneLighting":false,"audioPlay":false,"sceneViewState":{"m_AlwaysRefresh":false,"showFog":true,"showSkybox":true,"showFlares":true,"showImageEffects":true,"showParticleSystems":true,"showVisualEffectGraphs":true,"m_FxEnabled":true},"in2DMode":false,"pivot":{"x":116.64852905273438,"y":1.5016742944717408,"z":20.238161087036134},"rotation":{"x":0.00021203474898356944,"y":-0.9987510442733765,"z":0.012604471296072007,"w":0.052300985902547839},"size":0.8660253882408142,"orthographic":false}