{"cameraMode":{"drawMode":2,"name":"Shaded Wireframe","section":"Shading Mode"},"sceneLighting":false,"audioPlay":false,"sceneViewState":{"m_AlwaysRefresh":false,"showFog":true,"showSkybox":true,"showFlares":true,"showImageEffects":true,"showParticleSystems":true,"showVisualEffectGraphs":true,"m_FxEnabled":true},"in2DMode":false,"pivot":{"x":9.567610740661621,"y":17.290327072143556,"z":-0.8182209730148315},"rotation":{"x":-0.007575565949082375,"y":-0.9671517610549927,"z":-0.029022935777902604,"w":0.25241878628730776},"size":0.8660270571708679,"orthographic":false}