{"cameraMode":{"drawMode":2,"name":"Shaded Wireframe","section":"Shading Mode"},"sceneLighting":false,"audioPlay":false,"sceneViewState":{"m_AlwaysRefresh":false,"showFog":true,"showSkybox":true,"showFlares":true,"showImageEffects":true,"showParticleSystems":true,"showVisualEffectGraphs":true,"m_FxEnabled":true},"in2DMode":false,"pivot":{"x":132.69500732421876,"y":3.8007445335388185,"z":16.220914840698243},"rotation":{"x":0.021207228302955629,"y":-0.9570056796073914,"z":0.07749238610267639,"w":0.27963918447494509},"size":1.7660269737243653,"orthographic":false}