{"cameraMode":{"drawMode":2,"name":"Shaded Wireframe","section":"Shading Mode"},"sceneLighting":false,"audioPlay":false,"sceneViewState":{"m_AlwaysRefresh":false,"showFog":true,"showSkybox":true,"showFlares":true,"showImageEffects":true,"showParticleSystems":true,"showVisualEffectGraphs":true,"m_FxEnabled":true},"in2DMode":false,"pivot":{"x":117.34259796142578,"y":0.5248963832855225,"z":2.564150333404541},"rotation":{"x":-0.12991458177566529,"y":0.13535362482070924,"z":-0.019498741254210473,"w":-0.9824050664901733},"size":0.43301379680633547,"orthographic":false}