{"cameraMode":{"drawMode":0,"name":"Shaded","section":"Shading Mode"},"sceneLighting":false,"audioPlay":false,"sceneViewState":{"m_AlwaysRefresh":false,"showFog":true,"showSkybox":true,"showFlares":true,"showImageEffects":true,"showParticleSystems":true,"showVisualEffectGraphs":true,"m_FxEnabled":true},"in2DMode":false,"pivot":{"x":16.56143569946289,"y":-2.1006696224212648,"z":-41.811912536621097},"rotation":{"x":0.09893958270549774,"y":-0.41782209277153017,"z":0.045693233609199527,"w":0.9018528461456299},"size":0.8660253882408142,"orthographic":false}