{"cameraMode":{"drawMode":0,"name":"Shaded","section":"Shading Mode"},"sceneLighting":false,"audioPlay":false,"sceneViewState":{"m_AlwaysRefresh":false,"showFog":false,"showSkybox":false,"showFlares":false,"showImageEffects":false,"showParticleSystems":false,"showVisualEffectGraphs":true,"m_FxEnabled":true},"in2DMode":false,"pivot":{"x":0.07225802540779114,"y":0.7985678911209106,"z":1.6892592906951905},"rotation":{"x":-0.008650084026157856,"y":-0.9913908243179321,"z":0.09668051451444626,"w":-0.08922812342643738},"size":1.163467526435852,"orthographic":false}